"","CHR","BP","SNP","A1","A2","N","P","OR","GENE"
"1",2,45046349,"rs114552341","A","G",9,2.42527934894148e-08,0.0394,"LOC105374573"
"2",2,73930847,"rs141025068","A","G",9,7.67579523846256e-09,0.1133,NA
"3",2,101141227,"rs112304543","A","G",11,7.02831315529364e-09,0.0438,NA
"4",3,74201472,"rs113335337","A","G",8,2.74472501611932e-08,0.1272,NA
"5",4,161747078,"rs147476332","T","C",11,4.57492914076185e-09,0.04,NA
"6",5,11575622,"rs114177603","T","C",9,2.20449853088491e-08,23.6793,"CTNND2"
"7",5,11577396,"rs17220438","A","G",9,1.30035212034892e-09,0.0415,"CTNND2"
"8",6,20728373,"rs74556031","T","C",9,1.31762132928343e-08,0.052,"CDKAL1"
"9",8,9936589,"rs149013394","A","G",9,3.24086784796446e-08,0.1275,"MSRA"
"10",8,28045698,"rs143743302","T","C",11,1.37504324443021e-08,0.035,"ELP3"
"11",8,102722895,"rs143243312","A","G",10,6.78978873419529e-10,0.0508,"NCALD"
"12",9,2186224,"rs77070978","T","C",9,1.71549673443105e-08,0.06,"SMARCA2"
"13",10,85224057,"rs146254381","T","C",8,4.89458020375175e-08,0.1285,NA
"14",12,13959276,"rs116845780","T","C",11,3.81584927632457e-10,0.0302,"GRIN2B"
"15",13,59769801,"rs141904620","A","C",9,8.57415725820249e-09,0.0733,NA
"16",16,56100720,"rs182329986","A","G",11,2.99093114682626e-08,0.0344,"LOC105371281"
"17",16,56105645,"rs7186369","T","G",10,3.87379559809754e-09,0.0575,"LOC105371281"
"18",16,56112432,"rs184165910","A","G",11,2.93657191821503e-08,0.038,"LOC105371281"
"19",20,41755995,"rs118073521","A","G",10,1.96579446486959e-08,0.0798,"PTPRT"
